{"Steps": 100, "Recognition Loss": 12078.5234375, "Translation Loss": 182944.484375, "PPL": 525.8457641601562, "Eval Metric": "bleu", "WER": 98.26193126728194, "DEL Rate": 95.2382662405286, "INS Rate": 0.0, "SUB Rate": 3.023665026753331, "BLEU-4": 0.0, "BLEU-1": 2.094017094017094, "BLEU-2": 0.0, "BLEU-3": 0.0, "CHRF": 3.243928849312746, "ROUGE": 2.3015541161561672, "LR": 0.001, "New Best": true, "_timestamp": 1694988626.3751497, "_runtime": 4848.357333660126, "_step": 0}