{"Steps": 4500, "Recognition Loss": 13497.2880859375, "Translation Loss": 169896.71875, "PPL": 336.3599853515625, "Eval Metric": "bleu", "WER": 122.09573742234352, "DEL Rate": 100.01795525550328, "INS Rate": 16.475742449815062, "SUB Rate": 5.602039717025174, "BLEU-4": 1.3817321940988825, "BLEU-1": 14.66546399957553, "BLEU-2": 5.654898166393597, "BLEU-3": 2.6372557612111587, "CHRF": 19.734040421822225, "ROUGE": 13.348515472057748, "LR": 0.000343, "New Best": false, "_timestamp": 1695205555.3878994, "_runtime": 213276.87366843224, "_step": 44}